scripts_html\10 Things I Hate About You.html,1,1,1
scripts_html\12 and Holding.html,1,1,1
scripts_html\12 Monkeys.html,1,0,0
scripts_html\12 Years a Slave.html,1,1,1
scripts_html\12.html,0,0,0
scripts_html\127 Hours.html,1,1,1
scripts_html\1492_ Conquest of Paradise.html,1,0,0
scripts_html\15 Minutes.html,1,1,1
scripts_html\17 Again.html,1,1,1
scripts_html\187.html,0,0,0
scripts_html\2001_ A Space Odyssey.html,1,0,0
scripts_html\2012.html,1,1,1
scripts_html\25th Hour.html,1,0,0
scripts_html\28 Days Later.html,1,1,1
scripts_html\30 Minutes or Less.html,1,0,0
scripts_html\42.html,1,1,1
scripts_html\44 Inch Chest.html,1,1,1
scripts_html\48 Hrs..html,0,0,0
scripts_html\50-50.html,1,1,1
scripts_html\500 Days of Summer.html,1,1,1
scripts_html\8MM.html,1,0,0
scripts_html\9.html,0,0,0
scripts_html\A Few Good Men.html,1,1,1
scripts_html\A Most Violent Year.html,1,1,1
scripts_html\A Prayer Before Dawn.html,1,1,1
scripts_html\A Quiet Place.html,1,1,1
scripts_html\A Scanner Darkly.html,1,0,0
scripts_html\A Serious Man.html,1,1,1
scripts_html\Above the Law.html,1,1,1
scripts_html\Absolute Power.html,1,0,0
"scripts_html\Abyss, The.html",1,1,1
scripts_html\Ace Ventura_ Pet Detective.html,0,0,0
scripts_html\Adaptation.html,1,0,0
"scripts_html\Addams Family, The.html",1,0,1
"scripts_html\Adjustment Bureau, The.html",1,1,1
"scripts_html\Adventures of Buckaroo Banzai Across the Eighth Dimension, The.html",1,1,0
scripts_html\Affliction.html,1,1,1
scripts_html\After School Special.html,1,1,1
scripts_html\After.Life.html,1,1,1
scripts_html\Agnes of God.html,1,1,1
scripts_html\Air Force One.html,1,1,1
scripts_html\Airplane 2_ The Sequel.html,1,1,1
scripts_html\Airplane.html,1,1,1
scripts_html\Aladdin.html,0,0,0
scripts_html\Ali.html,1,1,1
scripts_html\Alien 3.html,0,0,0
scripts_html\Alien Nation.html,1,0,0
scripts_html\Alien vs. Predator.html,0,0,1
scripts_html\Alien.html,0,0,0
scripts_html\Aliens.html,1,1,1
scripts_html\Alien_ Resurrection.html,1,1,1
scripts_html\All About Eve.html,1,1,1
scripts_html\All About Steve.html,1,1,1
scripts_html\All the King's Men.html,1,1,1
scripts_html\All the President's Men.html,1,0,0
scripts_html\Almost Famous.html,0,0,0
scripts_html\Alone in the Dark.html,1,0,1
scripts_html\Amadeus.html,0,0,0
scripts_html\Amelia.html,1,1,1
scripts_html\American Beauty.html,1,1,1
scripts_html\American Gangster.html,1,1,1
scripts_html\American Graffiti.html,1,1,1
scripts_html\American History X.html,1,1,1
scripts_html\American Hustle.html,1,0,1
scripts_html\American Madness.html,1,1,1
scripts_html\American Milkshake.html,1,1,1
scripts_html\American Outlaws.html,0,0,0
scripts_html\American Pie.html,1,1,1
"scripts_html\American President, The.html",1,1,1
scripts_html\American Psycho.html,1,1,1
scripts_html\American Shaolin_ King of Kickboxers II.html,1,0,0
scripts_html\American Sniper.html,1,1,1
scripts_html\American Splendor.html,1,1,1
scripts_html\American Werewolf in London.html,1,1,1
"scripts_html\American, The.html",1,1,1
"scripts_html\Amityville Asylum, The.html",1,1,1
scripts_html\Amour.html,1,1,1
scripts_html\An Education.html,1,1,1
scripts_html\Analyze That.html,1,0,0
scripts_html\Analyze This.html,1,1,1
scripts_html\Anastasia.html,1,1,1
scripts_html\Angel Eyes.html,1,1,1
scripts_html\Anna Karenina.html,1,1,1
scripts_html\Annie Hall.html,1,1,1
"scripts_html\Anniversary Party, The.html",1,1,1
scripts_html\Anonymous.html,1,1,1
scripts_html\Antitrust.html,1,1,1
scripts_html\Antz.html,0,0,0
"scripts_html\Apartment, The.html",0,0,0
scripts_html\Apocalypse Now.html,1,1,1
scripts_html\Apollo 13.html,0,0,0
scripts_html\April Fool's Day.html,1,1,1
scripts_html\Apt Pupil.html,1,1,0
scripts_html\Arbitrage.html,1,1,1
scripts_html\Arcade.html,1,1,1
scripts_html\Arctic Blue.html,0,0,0
scripts_html\Argo.html,1,0,0
scripts_html\Armageddon.html,0,0,0
scripts_html\Army of Darkness.html,0,0,0
scripts_html\Arsenic and Old Lace.html,1,1,1
scripts_html\Arthur.html,1,1,1
"scripts_html\Artist, The.html",0,0,0
scripts_html\As Good As It Gets.html,1,1,1
scripts_html\Assassins.html,1,1,1
"scripts_html\Assignment, The.html",1,1,1
scripts_html\At First Sight.html,0,0,0
scripts_html\August_ Osage County.html,1,1,1
scripts_html\Austin Powers - International Man of Mystery.html,1,1,1
scripts_html\Austin Powers - The Spy Who Shagged Me.html,1,1,1
scripts_html\Authors Anonymous.html,1,1,1
scripts_html\Autumn in New York.html,1,1,1
scripts_html\Avatar.html,1,1,1
"scripts_html\Avengers, The (2012).html",1,1,1
"scripts_html\Avengers, The.html",1,1,1
"scripts_html\Avventura, L' (The Adventure).html",1,1,1
scripts_html\Awakenings.html,1,1,1
scripts_html\Babel.html,1,1,1
"scripts_html\Bachelor Party, The.html",1,1,1
scripts_html\Bachelor Party.html,1,1,1
"scripts_html\Back-up Plan, The.html",1,1,1
scripts_html\Backdraft.html,1,1,0
scripts_html\Bad Boys.html,1,1,1
scripts_html\Bad Country.html,1,1,1
scripts_html\Bad Day at Black Rock.html,1,0,0
scripts_html\Bad Dreams.html,1,1,1
scripts_html\Bad Lieutenant.html,0,0,0
scripts_html\Bad Santa.html,1,1,1
scripts_html\Bad Teacher.html,1,1,1
scripts_html\Badlands.html,1,1,1
scripts_html\Bamboozled.html,1,1,1
scripts_html\Barry Lyndon.html,1,0,0
scripts_html\Barton Fink.html,1,0,0
scripts_html\Basic Instinct.html,1,1,1
scripts_html\Basic.html,0,0,0
scripts_html\Basquiat.html,1,1,1
scripts_html\Batman 2.html,1,1,1
scripts_html\Batman.html,1,1,1
"scripts_html\Battle of Algiers, The.html",0,0,0
"scripts_html\Battle of Shaker Heights, The.html",1,1,1
scripts_html\Battle_ Los Angeles.html,1,0,0
"scripts_html\Beach, The.html",0,0,0
scripts_html\Bean.html,1,1,1
scripts_html\Beasts of No Nation.html,1,0,0
scripts_html\Beasts of the Southern Wild.html,1,1,0
scripts_html\Beauty and the Beast.html,1,1,1
scripts_html\Beavis and Butt-head Do America.html,1,0,1
scripts_html\Beginners.html,1,1,1
scripts_html\Being Human.html,1,0,0
scripts_html\Being John Malkovich.html,1,1,1
scripts_html\Being There.html,1,1,1
"scripts_html\Believer, The.html",1,1,1
scripts_html\Belle.html,1,1,1
scripts_html\Beloved.html,1,1,1
"scripts_html\Best Exotic Marigold Hotel, The.html",1,1,1
"scripts_html\Big Blue, The.html",1,0,0
scripts_html\Big Eyes.html,1,1,1
scripts_html\Big Fish.html,1,1,1
"scripts_html\Big Lebowski, The.html",1,0,0
"scripts_html\Big Sick, The.html",1,1,1
"scripts_html\Big White, The.html",1,1,1
scripts_html\Big.html,1,1,1
scripts_html\Birdman.html,1,1,1
"scripts_html\Birds, The.html",1,1,1
scripts_html\Birthday Girl.html,1,0,0
"scripts_html\Black Dahlia, The.html",1,1,1
scripts_html\Black Panther.html,1,0,0
scripts_html\Black Rain.html,1,0,0
scripts_html\Black Snake Moan.html,1,1,1
scripts_html\Black Swan.html,1,1,1
scripts_html\BlacKkKlansman.html,1,0,0
scripts_html\Blade II.html,0,0,0
scripts_html\Blade Runner.html,1,1,1
scripts_html\Blade.html,1,1,1
scripts_html\Blade_ Trinity.html,1,0,0
"scripts_html\Blast from the Past, The.html",0,0,0
"scripts_html\Blind Side, The.html",1,1,1
"scripts_html\Bling Ring, The.html",1,1,1
scripts_html\Blood and Wine.html,1,1,1
scripts_html\Blood Simple.html,1,1,1
scripts_html\Blow.html,1,1,1
scripts_html\Blue Valentine.html,1,1,1
scripts_html\Blue Velvet.html,1,1,1
scripts_html\Body Heat.html,1,1,1
scripts_html\Body of Evidence.html,1,1,0
scripts_html\Bodyguard.html,1,1,1
scripts_html\Bones.html,1,1,1
scripts_html\Bonfire of the Vanities.html,1,1,1
scripts_html\Bonnie and Clyde.html,1,1,1
scripts_html\Boogie Nights.html,1,1,1
"scripts_html\Book of Eli, The.html",1,1,1
scripts_html\Boondock Saints 2_ All Saints Day.html,1,1,1
"scripts_html\Boondock Saints, The.html",1,1,0
scripts_html\Bottle Rocket.html,0,0,0
scripts_html\Bound.html,1,1,0
"scripts_html\Bounty Hunter, The.html",1,1,1
"scripts_html\Bourne Identity, The.html",1,0,0
"scripts_html\Bourne Supremacy, The.html",1,1,1
"scripts_html\Bourne Ultimatum, The.html",0,0,0
"scripts_html\Box, The.html",1,1,1
"scripts_html\Boxtrolls, The.html",0,0,0
scripts_html\Boyhood.html,1,1,1
scripts_html\Braveheart.html,1,0,0
scripts_html\Brazil.html,0,0,0
scripts_html\Break.html,0,0,0
scripts_html\Breakdown.html,1,0,1
"scripts_html\Breakfast Club, The.html",1,1,1
scripts_html\Breaking Away.html,1,1,0
scripts_html\Brick.html,1,1,1
scripts_html\Bridesmaids.html,1,1,1
scripts_html\Bringing Out the Dead.html,1,1,1
scripts_html\Broadcast News.html,1,1,1
scripts_html\Broken Arrow.html,1,0,1
scripts_html\Broken Embraces.html,1,0,0
"scripts_html\Brothers Bloom, The.html",1,0,0
scripts_html\Bruce Almighty.html,1,1,1
scripts_html\Buffy the Vampire Slayer.html,0,0,0
scripts_html\Bull Durham.html,1,1,1
scripts_html\Buried.html,1,0,0
scripts_html\Burlesque.html,1,1,1
scripts_html\Burn After Reading.html,1,1,1
scripts_html\Burning Annie.html,1,1,1
"scripts_html\Butterfly Effect, The.html",1,1,1
scripts_html\Cable Guy.html,1,1,1
scripts_html\Candle to Water.html,1,1,0
scripts_html\Capote.html,1,1,1
scripts_html\Carrie.html,1,1,1
scripts_html\Cars 2.html,1,1,1
scripts_html\Case 39.html,1,1,1
scripts_html\Casino.html,1,1,1
scripts_html\Cast Away.html,1,0,0
scripts_html\Catch Me If You Can.html,1,1,1
scripts_html\Catwoman.html,1,1,1
scripts_html\Cecil B. Demented.html,1,1,1
scripts_html\Cedar Rapids.html,1,1,1
"scripts_html\Cell, The.html",1,1,1
scripts_html\Cellular.html,1,1,1
"scripts_html\Change-Up, The.html",1,1,1
scripts_html\Changeling.html,1,1,1
scripts_html\Chaos.html,1,0,0
scripts_html\Charade.html,1,1,1
scripts_html\Charlie's Angels.html,1,1,1
scripts_html\Chasing Amy.html,1,1,1
scripts_html\Chasing Sleep.html,1,1,1
scripts_html\Cherry Falls.html,1,1,1
scripts_html\Chinatown.html,1,1,0
scripts_html\Christ Complex.html,1,1,1
scripts_html\Chronicle.html,1,1,0
"scripts_html\Chronicles of Narnia_ The Lion, the Witch and the Wardrobe.html",1,1,1
"scripts_html\Cider House Rules, The.html",1,1,1
"scripts_html\Cincinnati Kid, The.html",1,1,1
scripts_html\Cinema Paradiso.html,0,0,0
scripts_html\Cirque du Freak_ The Vampire's Assistant.html,1,1,1
scripts_html\Citizen Kane.html,1,1,1
scripts_html\City of Joy.html,1,1,1
scripts_html\Clash of the Titans.html,1,0,1
scripts_html\Clerks.html,1,0,0
scripts_html\Cliffhanger.html,1,1,1
scripts_html\Clueless.html,0,0,0
scripts_html\Cobb.html,1,1,1
scripts_html\Coco.html,0,0,0
scripts_html\Code of Silence.html,1,1,1
scripts_html\Cold Mountain.html,1,1,1
scripts_html\Collateral Damage.html,1,1,1
scripts_html\Collateral.html,1,1,1
scripts_html\Colombiana.html,1,1,1
scripts_html\Color of Night.html,1,1,1
scripts_html\Commando.html,0,0,0
scripts_html\Conan the Barbarian.html,0,0,0
scripts_html\Confessions of a Dangerous Mind.html,1,1,1
scripts_html\Confidence.html,1,1,1
scripts_html\Constantine.html,1,0,0
"scripts_html\Cooler, The.html",1,1,1
scripts_html\Copycat.html,1,1,1
scripts_html\Coraline.html,1,1,1
scripts_html\Coriolanus.html,1,0,0
scripts_html\Cradle 2 the Grave.html,1,1,1
scripts_html\Crank.html,1,0,0
scripts_html\Crash.html,1,1,1
"scripts_html\Crazy, Stupid, Love.html",1,1,1
scripts_html\Crazylove.html,1,1,1
scripts_html\Creation.html,1,1,1
scripts_html\Crime Spree.html,1,1,1
